"course_code","course_name","course_level","faculty","school","units","duration","class_hours","incompatible","prerequisite","recommended_prerequisite","assessment_methods"
"ENGG1300","Introduction to Electrical Systems","Undergraduate","Engineering, Architecture & Information Technology","Elec Engineering, Comp Science","2","One Semester","Lecture 2 Hours/ Week; Practical 4 Hours/ Week","ENGG1030 or ENGG1060 or ELEC1000","Mathematical Methods, Maths B or MATH1040.",NA,"Examinations, Quizzes, Practical Skills"
"CSSE2002","Programming in the Large","Undergraduate","Engineering, Architecture & Information Technology","Elec Engineering, Comp Science","2","One Semester","Lecture 2 Hours/ Week; Applied Class 1 Hour/ Week; Practical 2 Hours/ Week","COMP2500 or COMP7908 or CSSE7023","CSSE1001 or ENGG1001",NA,"Examinations, assignments, tutorials and practical problems"
"CSSE2010","Introduction to Computer Systems","Undergraduate","Engineering, Architecture & Information Technology","Elec Engineering, Comp Science","2","One Semester","Lecture 2 Hours/ Week; Practical 4 Hours/ Week","COMP1300 or COMP2303 or COMP2302 or CSSE1000 or CSSE7035 or CSSE7201 or ELEC2002","CSSE1001 or ENGG1001",NA,"Assignments, laboratory work, quizzes, examinations"
"CSSE2310","Computer Systems Principles and Programming","Undergraduate","Engineering, Architecture & Information Technology","Elec Engineering, Comp Science","2","One Semester","Lecture 3 Hours/ Week; Practical 2 Hours/ Week","COMP2303 or COMP7306 or CSSE7231","CSSE1001 or ENGG1001","CSSE2010","Assignments and examination"
"ELEC2004","Circuits, Signals and Systems","Undergraduate","Engineering, Architecture & Information Technology","Elec Engineering, Comp Science","2","One Semester","Lecture 3 Hours/ Week; Applied Class 1 Hour/ Week; Practical 2 Hours/ Fortnight",NA,"ENGG1300",NA,"Assignments; laboratory work; examination."
"ELEC2300","Fundamentals of Electromagnetism and Electromechanics","Undergraduate","Engineering, Architecture & Information Technology","Elec Engineering, Comp Science, Mathematics & Physics School","2","One Semester","Tutorial 2 Hours/ Week; Practical 3 Hours/ Fortnight; Studio 3 Hours/ Week","ELEC2003","ENGG1300 and (MATH1051 or MATH1071) and (MATH1052 or MATH1072) and (PHYS1171 OR High School Physics)",NA,"Assignments and examinations."
"ELEC2400","Electronic Devices and Circuits","Undergraduate","Engineering, Architecture & Information Technology","Elec Engineering, Comp Science","2","One Semester","Lecture 3 Hours/ Week; Tutorial 1 Hour/ Week; Practical 3 Hours/ Fortnight","ELEC3400","ENGG1300 and (MATH1051 or MATH1071) and (MATH1052 or MATH1072)",NA,NA
"ENGG2800","Team Project I","Undergraduate","Engineering, Architecture & Information Technology","Elec Engineering, Comp Science","2","One Semester","Lecture 2 Hours/ Week; Practical 2 Hours/ Week",NA,"CSSE2010 and ENGG1300 and (CSSE1001 or ENGG1001)",NA,"Peer assessment of team members, team meetings, written reports, oral examination of team & product"
"MATH2001","Calculus & Linear Algebra II","Undergraduate","Science","Mathematics & Physics School","2","One Semester","Lecture 3 Hours/ Week; Applied Class 1 Hour/ Week; Summer Semester only: 6L2A","MATH2000, MATH2901 (advanced) and MATH7000 (co-taught).","(MATH1051 or MATH1071) and (MATH1052 or MATH1072)",NA,"Assignments and examinations"
"MATH2010","Analysis of Ordinary Differential Equations","Undergraduate","Science","Mathematics & Physics School","1","One Semester","Lecture 3 Hours/ Week; Applied Class 1 Hour/ Week; 3L1A (6 weeks)","MATH2100 (co-taught)","MATH1052 or MATH1072",NA,"Assignments & Examination"
"STAT2201","Analysis of Engineering & Scientific Data","Undergraduate","Science","Mathematics & Physics School","1","One Semester","Lecture 3 Hours/ Fortnight; Applied Class 1 Hour/ Fortnight; 3L/7 WEEKS 1A/6 WEEKS","ECON1310, ENVM2000, STAT1201, STAT1301, STAT2203.","MATH1050 or; a grade of C or higher in Queensland Year 12 Specialist Mathematics (Units 3 & 4) (or equivalent).",NA,"Assignments"
"COMP3506","Algorithms and Data Structures","Undergraduate","Engineering, Architecture & Information Technology","Elec Engineering, Comp Science","2","One Semester","Lecture 2 Hours/ Week; Applied Class 2 Hours/ Week","COMP2502 or COMP7505","CSSE2002 and (MATH1061 or MATH1081 or MATH1051 or MATH1071)","CSSE2010","Assignments, online problems, examination"
"CSSE3010","Embedded Systems Design and Interfacing","Undergraduate","Engineering, Architecture & Information Technology","Elec Engineering, Comp Science","2","One Semester","Lecture 2 Hours/ Week; Practical 3 Hours/ Week","CSSE4001 or CSSE7003 or CSSE7301","CSSE2010 and CSSE2310",NA,"Assignments, projects, examination"
"ELEC3004","Signals, Systems and Control","Undergraduate","Engineering, Architecture & Information Technology","Elec Engineering, Comp Science","2","One Semester","Lecture 4 Hours/ Week; Practical 2 Hours/ Week","ELEC3600 or ELEC7312 or ELEC7601","ELEC2004 and (STAT2201 or STAT2202) and (MATH2000 or MATH2001 or MATH2901)",NA,"Assignments, practicals, examinations"
"ELEC3100","Fundamentals of Electromagnetic Fields and Waves","Undergraduate","Engineering, Architecture & Information Technology","Elec Engineering, Comp Science","2","One Semester","Applied Class 2 Hours/ Week; Lecture 2 Hours/ Week","ELEC7101","(ELEC2003 or ELEC2300) and (MATH2000 or MATH2001 or MATH2901)",NA,"Laboratory & tutorial work, final examination"
"ENGG3800","Team Project II","Undergraduate","Engineering, Architecture & Information Technology","Elec Engineering, Comp Science","2","One Semester","Lecture 1 Hour/ Week; Practical 2 Hours/ Week","ENGG4810","ENGG2800 and CSSE3010 and (ELEC2400 or ELEC3400)",NA,"Peer assessment of team members, team meetings, written reports, oral examination of team & product."
"CSSE4010","Digital System Design","Undergraduate","Engineering, Architecture & Information Technology","Elec Engineering, Comp Science","2","One Semester","Lecture 2 Hours/ Week; Practical 2 Hours/ Week; Applied Class 1 Hour/ Week","CSSE2000 or CSSE3000 or CSSE7011 or CSSE7410","CSSE1000 or CSSE2010","CSSE2310 and CSSE3010","Practicals, project, research assignment, final exam"
"CSSE4011","Advanced Embedded Systems","Undergraduate","Engineering, Architecture & Information Technology","Elec Engineering, Comp Science","2","One Semester","Lecture 2 Hours/ Week; Practical 3 Hours/ Week","CSSE4003 or CSSE7005 or CSSE7411","CSSE3010",NA,"Assignments, practicals, examinations"
"METR4201","Control Engineering 1","Undergraduate","Engineering, Architecture & Information Technology","Mech & Mine Engineering School","2","One Semester","Lecture 1 Hour/ Week; Tutorial 2 Hours/ Week; Contact 1 Hour/ Week; Exam 2 Hours/ One Off; Practical 2 Hours/ Ad Hoc; The schedule for the Practical will be advised.","METR3200 or METR7200","MECH2210 or ELEC2004",NA,"Laboratory Exercises, Practical Assignments, Mid-semester and End of Semester Examinations."
"CSSE7610","Concurrency: Theory and Practice","Postgraduate Coursework","Engineering, Architecture & Information Technology","Elec Engineering, Comp Science","2","One Semester","Applied Class 1 Hour/ Week; Lecture 2 Hours/ Week","CSSE3610","CSSE2002 or CSSE7023",NA,"Assignments, Examination"
"ENGG7291","Engineering Placement A","Postgraduate Coursework","Engineering, Architecture & Information Technology","Mech & Mine Engineering School","8","One Semester","Placement 3 Hours/ Ad Hoc","CHEE7104 or CHEE7105 or CHEE7106 or CHEE7107 or CHEE7108 or CHEE7109 or ENGG7280 or ENGG7281 or ENGG7282 or ENGG7820 or ENGG7830 or ENGG7290 or ENGG7292 or ENGG7293 or METR7820 or METR7830",NA,NA,"1C (pre-placement workshop and final presentation session), Progress review presentation,"
"ENGG4901","Professional Practice and the Business Environment A","Undergraduate","Engineering, Architecture & Information Technology","Chemical Engineering School, Mech & Mine Engineering School","2","One Semester","Workshop 2 Hours/ Week; Lecture 2 Hours/ Week","ENGG4900 or ENGG4902, ENGG7901, ENGG7902","Students need to have completed 32 units toward the BE(Hons) program.",NA,"Workshop participation (6x), Assignment (Written and Oral sections)"
"ENGG4902","Professional Practice and the Business Environment B","Undergraduate","Engineering, Architecture & Information Technology","Chemical Engineering School, Mech & Mine Engineering School","2","One Semester","Workshop 2 Hours/ Week; Applied Class 2 Hours/ Week","ENGG4900 or ENGG4901, ENGG7901, ENGG7902",NA,NA,"Workshop participation (6x), Assignment (Written and Oral sections)"
"BIOE6901","Medical Device Engineering","Undergraduate","Engineering, Architecture & Information Technology","Elec Engineering, Comp Science","2","One Semester","Problem Based Learning 4 Hours/ Week","ELEC7901","BIOE3001",NA,"Mid-semester & Final Examination. Practical. Reports/presentation."
"BIOE7902","Biomedical Signal Processing","Postgraduate Coursework","Engineering, Architecture & Information Technology","Elec Engineering, Comp Science","2","One Semester","Lecture 2 Hours/ Week; Practical 3 Hours/ Week","ELEC7902",NA,"(ELEC4403 or BIOE6403) or (ELEC4601 or BIOE6601), or ELEC4630, or ELEC7403, or ELEC7606","Practical work, Assignments, Examination."
"COMS7305","Advanced Microwave Engineering","Postgraduate Coursework","Engineering, Architecture & Information Technology","Elec Engineering, Comp Science","2","One Semester","Lecture 3 Hours/ Week; Applied Class 2 Hours/ Week; Practical 2 Hours/ Week","COMS7302 or COMS7303","ELEC3100 or ELEC7101","COMS4104 OR COMS7104","Assignments and Examination"
"COMS7309","Computational Techniques in Electromagnetics","Postgraduate Coursework","Engineering, Architecture & Information Technology","Elec Engineering, Comp Science","2","One Semester","Lecture 2 Hours/ Week; Practical 1 Hour/ Week",NA,"ELEC3100 or ELEC7101",NA,"Exams, Assignments"
"ENGG7302","Advanced Computational Techniques in Engineering","Postgraduate Coursework","Engineering, Architecture & Information Technology","Elec Engineering, Comp Science","2","One Semester","Lecture 3 Hours/ Week; Tutorial 2 Hours/ Week",NA,"(MATH2001 or MATH2901) and MATH2010 and (STAT2201 or STAT2202)",NA,"Class tests, mid-semester exam, assignments, final exam"
"INFS7410","Information Retrieval and Web Search","Postgraduate Coursework","Engineering, Architecture & Information Technology","Elec Engineering, Comp Science","2","One Semester","Lecture 2 Hours/ Week; Practical 1 Hour/ Week; Students will be expected to watch the pre-recorded teaching material before the Lecture.",NA,"INFS2200 or INFS7903",NA,"Project, Final Exam"
"REIT6811","Research Methods","Postgraduate Coursework","Engineering, Architecture & Information Technology","Elec Engineering, Comp Science","2","One Semester","Lecture 2 Hours/ Week; Tutorial 2 Hours/ Week",NA,NA,NA,"Participation, weekly deliverables, reports and presentations"
"COMP4403","Compilers and Interpreters","Undergraduate","Engineering, Architecture & Information Technology","Elec Engineering, Comp Science","2","One Semester","Lecture 3 Hours/ Week; Problem Based Learning 1 Hour/ Week","COMP7402","COMP3506","CSSE2010","Exam and assignments"
"COMP4500","Advanced Algorithms and Data Structures","Undergraduate","Engineering, Architecture & Information Technology","Elec Engineering, Comp Science","2","One Semester","Lecture 3 Hours/ Week; Applied Class 1 Hour/ Week","COMP7500","COMP3506",NA,"Examinations & assignments"
"COMP4702","Machine Learning","Undergraduate","Engineering, Architecture & Information Technology","Elec Engineering, Comp Science","2","One Semester","Lecture 2 Hours/ Week; Contact 2 Hours/ Week","COMP7703","(CSSE1001 or ENGG1001) and (MATH1051 or MATH1071) and (STAT1201 or STAT1301 or STAT2003 or STAT2201 or STAT2202 or STAT2203)",NA,"Written examination, assignments"
"COMS4104","Microwave Engineering","Undergraduate","Engineering, Architecture & Information Technology","Elec Engineering, Comp Science","2","One Semester","Lecture 3 Hours/ Week; Tutorial 1 Hour/ Week; Practical 2 Hours/ Week","COMS7104","ELEC3100",NA,"Examination, laboratory & tutorial assignments"
"COMS4105","Communication Systems","Undergraduate","Engineering, Architecture & Information Technology","Elec Engineering, Comp Science","2","One Semester","Lecture 3 Hours/ Week; Applied Class 1 Hour/ Week; Practical 2 Hours/ Week","COMS3100 or COMS4100 or COMS7100 or COMS7105 or COMS7410","CSSE3010 and ELEC3004",NA,"Assignments, practicals, examinations"
"COMS4113","Photonics","Undergraduate","Engineering, Architecture & Information Technology","Elec Engineering, Comp Science","2","One Semester","Lecture 2 Hours/ Week; Tutorial 2 Hours/ Week; Practical 3 Hours/ Ad Hoc; Practical occurs 3 time during the semester","COMS4103","ELEC3100 or PHYS3051 or PHYS7250",NA,"Examinations, laboratory reports & class tests"
"COMS4507","Advanced Topics in Security","Undergraduate","Engineering, Architecture & Information Technology","Elec Engineering, Comp Science","2","One Semester","Seminar 3 Hours/ Week","COMS7507","CYBR3000",NA,"Seminar Presentation and Participation, Project, Examination"
"COMS6200","Computer Networks II","Undergraduate","Engineering, Architecture & Information Technology","Elec Engineering, Comp Science","2","One Semester","Lecture 2 Hours/ Week; Applied Class 1 Hour/ Week; Practical 2 Hours/ Week","COMS4200, COMS7200","COMS3200",NA,"Examination, Assignments"
"CSSE6400","Software Architecture","Undergraduate","Engineering, Architecture & Information Technology","Elec Engineering, Comp Science","2","One Semester","Lecture 2 Hours/ Week; Tutorial 1 Hour/ Week; Practical 2 Hours/ Week",NA,"CSSE3200 or DECO2800",NA,"Assignment, project, report and presentation."
"ELEC3310","Electrical Energy Conversion and Utilisation","Undergraduate","Engineering, Architecture & Information Technology","Elec Engineering, Comp Science","2","One Semester","Lecture 3 Hours/ Week; Applied Class 2 Hours/ Week; Practical 3 Hours/ Week","ELEC3300, ELEC7302","ELEC2003 or ELEC2300",NA,"Examinations, laboratory & tutorial work"
"ELEC4310","Power Systems Analysis","Undergraduate","Engineering, Architecture & Information Technology","Elec Engineering, Comp Science","2","One Semester","Lecture 3 Hours/ Week; Tutorial 2 Hours/ Ad Hoc; Practical 2 Hours/ Ad Hoc; Practicals and Tutorials occur 6 times during the semester","ELEC4300","ELEC3300 or ELEC3310",NA,"Examination, class test, laboratory experiments, tutorial assignments"
"ELEC4620","Digital Signal Processing","Undergraduate","Engineering, Architecture & Information Technology","Elec Engineering, Comp Science","2","One Semester","Lecture 2 Hours/ Week; Tutorial 2 Hours/ Week; Practical 2 Hours/ Week","ELEC3600 or ELEC4600 or ELEC7462 or ELEC7601 or ELEC760","ELEC3004","CSSE3010","Assignments, practicals, examinations"
"ELEC4630","Computer Vision and Deep Learning","Undergraduate","Engineering, Architecture & Information Technology","Elec Engineering, Comp Science","2","One Semester","Lecture 2 Hours/ Week; IT Computing 2 Hours/ Week","ELEC3601 or ELEC4600 or ELEC7463 or ELEC7602 or ELEC7608","ELEC3004",NA,"Assignments, practicals, examinations"
"METR4202","Robotics and Automation","Undergraduate","Engineering, Architecture & Information Technology","Elec Engineering, Comp Science","2","One Semester","Lecture 2 Hours/ Week; Applied Class 2 Hours/ Week; Practical 2 Hours/ Week","METR4200 or METR7201 or METR7202 or ELEC3700 or ELEC7700","(ENGG1001 or CSSE1001) and (ELEC3004 or METR3200 or METR4201)",NA,"Examinations, Project Assignments, Laboratory Exercises"
"METR6203","Control Engineering 2","Undergraduate","Engineering, Architecture & Information Technology","Mech & Mine Engineering School","2","One Semester","Workshop 3 Hours/ Week; Practical 2 Hours/ Week","METR7203","METR4201 or METR7200",NA,"Presentation, Report and End of Semester Examination"
"COMP2140","Web/Mobile Programming","Undergraduate","Engineering, Architecture & Information Technology","Elec Engineering, Comp Science","2","One Semester","Lecture 2 Hours/ Week; Contact 3 Hours/ Week",NA,"DECO1400 and (CSSE1001 or ENGG1001)",NA,"Assignments, projects, and online problems."
"COMP3301","Operating Systems Architecture","Undergraduate","Engineering, Architecture & Information Technology","Elec Engineering, Comp Science","2","One Semester","Lecture 2 Hours/ Week; Tutorial 1 Hour/ Week; IT Computing 2 Hours/ Week","COMP3300 or COMP7303 or COMP7308","COMP2303 or CSSE2310",NA,"Assignments, Examination"
"COMP3702","Artificial Intelligence","Undergraduate","Engineering, Architecture & Information Technology","Elec Engineering, Comp Science","2","One Semester","Lecture 2 Hours/ Week; Applied Class 2 Hours/ Week","COMP3701 or COMP7701 or COMP7702","(CSSE1001 or CSSE7030) or ENGG1001","(MATH1061 or MATH1081 or MATH7861) and CSSE2002","Written examination, assignments and tutorials."
"COMP3710","Pattern Recognition and Analysis","Undergraduate","Engineering, Architecture & Information Technology","Elec Engineering, Comp Science","2","One Semester","Applied Class 1 Hour/ Week; Lecture 1 Hour/ Week; Practical 3 Hours/ Week",NA,"(MATH1051 or MATH1071) and (CSSE1001 or ENGG1001)","(MATH1052 or MATH1072) and (MATH1061 or MATH1081) and COMP3506","Demonstration, Lab Report, Final Exam"
"COMS3200","Computer Networks I","Undergraduate","Engineering, Architecture & Information Technology","Elec Engineering, Comp Science","2","One Semester","Lecture 2 Hours/ Week; Tutorial 2 Hours/ Week","COMS7201","COMP2303 OR CSSE2310",NA,"Exam & assignments"
"COSC3500","High-Performance Computing","Undergraduate","Engineering, Architecture & Information Technology","Elec Engineering, Comp Science, Mathematics & Physics School","2","One Semester","Lecture 2 Hours/ Week; Applied Class 2 Hours/ Week","COSC7502","COSC2500 or CSSE2002 or CSSE2010 or CSSE2310 or PHYS3071 or MATH2504",NA,"Assignments, case studies, project, labs"
"CSSE3012","The Software Process","Undergraduate","Engineering, Architecture & Information Technology","Elec Engineering, Comp Science","2","One Semester","Lecture 2 Hours/ Week; Tutorial 2 Hours/ Week","COMP3500 or COMP7503 or CSSE3002 or CSSE7001","((COMP2140 or CSSE2002) and (DECO2500 or DECO2800 or DECO2850)) or CSSE3200",NA,"Assignments, presentation, examinations"
"CSSE3100","Reasoning About Programs","Undergraduate","Engineering, Architecture & Information Technology","Elec Engineering, Comp Science","2","One Semester","Lecture 2 Hours/ Week; Contact 2 Hours/ Week","CSSE7100","(MATH1061 or MATH1081) and CSSE2002",NA,"Assignments, examination"
"CSSE3200","Software Engineering Studio: Design, Implement and Test","Undergraduate","Engineering, Architecture & Information Technology","Elec Engineering, Comp Science","2","One Semester","Lecture 2 Hours/ Week; Studio 2 Hours/ Week; Applied Class 1 Hour/ Week","DECO2800","CSSE2002",NA,"Group project work, individual portfolio, quiz"
"CYBR3000","Information Security","Undergraduate","Engineering, Architecture & Information Technology","Elec Engineering, Comp Science","2","One Semester","Lecture 2 Hours/ Week; Applied Class 2 Hours/ Week","COMS3000, COMS7003, CYBR7002","CSSE2310 or CSSE7231",NA,"Assignments; Assignments; examination"
"DECO1400","Introduction to Web Design","Undergraduate","Engineering, Architecture & Information Technology","Elec Engineering, Comp Science","2","One Semester","Lecture 1 Hour/ Week; Tutorial 1 Hour/ Week; Practical 2 Hours/ Week","DECO7140 or IENV7961 or MMDS1400 or MMDS7961",NA,NA,"Practical, Assignments and Project"
"DECO2500","Human-Computer Interaction","Undergraduate","Engineering, Architecture & Information Technology","Elec Engineering, Comp Science","2","One Semester","Lecture 2 Hours/ Week; Studio 2 Hours/ Week","COMP2506 or COMP3501 or COMP7904 or DECO7250","DECO1400 or CSSE1001 or ENGG1001",NA,"Group/individual assessment and examination "
"DECO3800","Design Computing Studio 3 - Proposal","Undergraduate","Engineering, Architecture & Information Technology","Elec Engineering, Comp Science","2","One Semester","Studio 4 Hours/",NA,"DECO2500 and (DECO1800 or DECO2800 or DECO2840 or DECO2850 or CSSE3200)",NA,"Projects, Presentations, Reports"
"DECO3801","Design Computing Studio 3 - Build","Undergraduate","Engineering, Architecture & Information Technology","Elec Engineering, Comp Science","2","One Semester","Studio 4.00 Hours/ Week","CSSE4801, DECO7381","CSSE2002 or COMP2140",NA,"Projects, Presentations, Reports"
"ENGG4800","Project Management","Undergraduate","Engineering, Architecture & Information Technology","Elec Engineering, Comp Science","2","One Semester","Lecture 2 Hours/ Week; Contact 2 Hours/ Week; Practical 1 Hour/ Week","ENGG7800 or MECH3600",NA,NA,"Assignments, major project, exams"
"INFS1200","Introduction to Information Systems","Undergraduate","Engineering, Architecture & Information Technology","Elec Engineering, Comp Science","2","One Semester","Lecture 2 Hours/ Week; Applied Class 2 Hours/ Week","INFS7900 or MGTS3203 or MGTS7206 or BISM2207 or BISM3203 or BISM7206 or INFS7901",NA,NA,"Assignments; weekly tasks; oral assessment; final examination"
"INFS2200","Relational Database Systems","Undergraduate","Engineering, Architecture & Information Technology","Elec Engineering, Comp Science","2","One Semester","Lecture 2 Hours/ Week; Applied Class 1 Hour/ Week; Practical 1 Hour/ Week","BSIS7206 or COMM7605 or INFS7903 or INFS7901","INFS1200",NA,"Examination & assignments."
"METR3100","Control System Implementation","Undergraduate","Engineering, Architecture & Information Technology","Mech & Mine Engineering School","2","One Semester","Lecture 2 Hours/ Week; Tutorial 1 Hour/ Week; Practical 2 Hours/ Ad Hoc; Contact 1 Hour/ Week; The schedule for the practical will be advised.",NA,NA,"ENGG1300","Practicals with Prework, a Design Project Report, End of Semester Examination"
